requirement,title,priority,test_case,owner,scope,steps,expected,jira_key,delivery_role,jira_status,implementation_status,evidence
SEB-F-001,Registration,High,TC-AUTH-01,Sai Sathvik Gullipalli,remaining,Register with a new email and an 8 character or longer password. Repeat the email.,One account is created; duplicate email is rejected.,SEB-2,"Account, categories, budgets and dashboard developer",Done,Own scope implemented; teammate integration checks pending,docs/verification.md
SEB-F-002,Login,High,TC-AUTH-02,Sai Sathvik Gullipalli,remaining,"Log in with correct credentials, then try a wrong password.",Correct login opens Dashboard; wrong login shows an error.,SEB-3,"Account, categories, budgets and dashboard developer",Done,Own scope implemented; teammate integration checks pending,docs/verification.md
SEB-F-003,Logout and protected pages,High,TC-AUTH-03,Sai Sathvik Gullipalli,remaining,"Log out, then open Dashboard directly and retry the old session.",Login is required; the old session cannot access protected data.,SEB-4,"Account, categories, budgets and dashboard developer",Done,Own scope implemented; teammate integration checks pending,docs/verification.md
SEB-F-004,User data isolation,High,TC-AUTH-04,Sai Sathvik Gullipalli,remaining,"As A, check lists, charts and CSV, then request B's record ID.",Only A's data appears. B's record returns 403 or 404.,SEB-5,"Account, categories, budgets and dashboard developer",Done,Own scope implemented; teammate integration checks pending,docs/verification.md
SEB-F-005,Add expense,High,TC-EXP-01,Teammate — allocation pending,taken,"Add INR 250, Food, today, UPI, note Lunch. Also try no note.","Values save correctly; with one entry, expense is INR 2050.",SEB-6,Transaction developer,To Do,Awaiting role owner implementation and acceptance,
SEB-F-006,Add income,Medium,TC-EXP-02,Teammate — allocation pending,taken,"Add income INR 2000, today, source Freelance.",Income is INR 12000; balance is INR 10200.,SEB-7,Transaction developer,To Do,Awaiting role owner implementation and acceptance,
SEB-F-007,Amount and date validation,High,TC-EXP-03,Teammate — allocation pending,taken,"Try 0, -1, blank or text amounts and a future date. Then try 0.01 today.",Invalid input gets a field error and is not saved; valid input saves.,SEB-8,Transaction developer,To Do,Awaiting role owner implementation and acceptance,
SEB-F-008,Edit transaction,High,TC-EXP-04,Teammate — allocation pending,taken,Change the INR 500 expense to 600; reload. Separately edit an income.,Edits persist and totals update; expense edit gives INR 1900.,SEB-9,Transaction developer,To Do,Awaiting role owner implementation and acceptance,
SEB-F-009,Delete confirmation,Medium,TC-EXP-05,Teammate — allocation pending,taken,"Delete the INR 300 expense: first cancel, then confirm.",Cancel keeps it. Confirm removes it; expense becomes INR 1500.,SEB-10,Transaction developer,To Do,Awaiting role owner implementation and acceptance,
SEB-F-010,Filter and sort transactions,Medium,TC-EXP-06,Teammate — allocation pending,taken,"Filter by date, category and amount. Sort both ways; try no matches.",Rows and filtered total match; sorting is correct; empty total is zero.,SEB-11,Transaction developer,To Do,Awaiting role owner implementation and acceptance,
SEB-F-011,Default and custom categories,Medium,TC-CAT-01,Sai Sathvik Gullipalli,remaining,"Check the eight SRS defaults. Add Books, use it, then rename it Study.",Defaults and new category are selectable; rename persists.,SEB-12,"Account, categories, budgets and dashboard developer",Done,Own scope implemented; teammate integration checks pending,docs/verification.md
SEB-F-012,Monthly and category budgets,High,TC-BUD-01,Sai Sathvik Gullipalli,remaining,Set monthly budget INR 5000 and Food budget INR 1000; reload.,Both budgets persist for the selected month.,SEB-13,"Account, categories, budgets and dashboard developer",Done,Own scope implemented; teammate integration checks pending,docs/verification.md
SEB-F-013,Budget usage figures,High,TC-BUD-02,Sai Sathvik Gullipalli,remaining,Compare monthly and Food spending with their saved budgets.,"Monthly: 1800 spent, 3200 left, 36%. Food: 500, 500, 50%; within INR 1.",SEB-14,"Account, categories, budgets and dashboard developer",Done,Own scope implemented; teammate integration checks pending,docs/verification.md
SEB-F-014,Budget threshold alerts,Medium,TC-BUD-03,Sai Sathvik Gullipalli,remaining,"Test below 80%, at 80%, at 100% and above 100%; add another expense.",Warning starts at 80%; distinct alert above 100%; entry stays allowed.,SEB-15,"Account, categories, budgets and dashboard developer",Done,Own scope implemented; teammate integration checks pending,docs/verification.md
SEB-F-015,Monthly dashboard totals,High,TC-DSH-01,Sai Sathvik Gullipalli,remaining,Compare monthly cards with records; switch to an empty month.,"Income 10000, expense 1800, balance 8200; empty month has zero totals.",SEB-16,"Account, categories, budgets and dashboard developer",Done,Own scope implemented; teammate integration checks pending,docs/verification.md
SEB-F-016,Category and six month charts,High,TC-DSH-02,Sai Sathvik Gullipalli,remaining,Check category totals and a six month trend with empty months.,"Food 500, Travel 300, Rent 1000; trend matches records; empty months are zero.",SEB-17,"Account, categories, budgets and dashboard developer",Done,Own scope implemented; teammate integration checks pending,docs/verification.md
SEB-F-017,Filtered CSV export,Medium,TC-RPT-01,Teammate — allocation pending,taken,Filter the list and export CSV. Compare data rows with the screen.,CSV downloads with correct type; rows and values match the filtered list.,SEB-18,Reporting developer,To Do,Awaiting role owner implementation and acceptance,
SEB-NF-001,Page load with 5000 transactions,High,TC-PERF-01,Teammate — allocation pending,taken,Seed 5000 transactions. Time 100 loads each of Dashboard and Transactions.,At least 90 of 100 loads per page complete within 3 seconds.,SEB-19,QA / performance tester,To Do,Awaiting role owner implementation and acceptance,
SEB-NF-002,20 concurrent logged in users,Medium,TC-PERF-02,Teammate — allocation pending,taken,Run 20 separate logged in users together to view pages and save entries.,All actions work; no server 5xx errors or mixed user data.,SEB-20,QA / performance tester,To Do,Awaiting role owner implementation and acceptance,
SEB-NF-003,Durability and rollback,High,TC-REL-01,Teammate — allocation pending,taken,Save data and restart the server. Separately force a save to fail before commit.,Saved data survives; failed save leaves no partial record and allows retry.,SEB-21,QA / performance tester,To Do,Awaiting role owner implementation and acceptance,
SEB-NF-004,Three click entry and errors,Medium,TC-UX-01,Teammate — allocation pending,taken,Ask five first-time users to add an expense from Dashboard and correct an invalid amount.,Each finishes within 3 clicks; errors explain how to correct the input.,SEB-22,QA / performance tester,To Do,Awaiting role owner implementation and acceptance,
SEB-NF-005,Browser and mobile compatibility,Medium,TC-PORT-01,Teammate — allocation pending,taken,"Check main screens and actions in Chrome, Firefox and Edge, and at 360 px width.",Screens and actions work; text and controls are not clipped.,SEB-23,QA / performance tester,To Do,Awaiting role owner implementation and acceptance,
SEB-SR-001,HTTPS and TLS,High,TC-SEC-01,Teammate — allocation pending,taken,"Open HTTP and HTTPS URLs; check certificate, TLS version and session cookie.",HTTP redirects to valid HTTPS with TLS 1.2 or later; cookie is HttpOnly and Secure.,SEB-24,Security / deployment engineer,To Do,Awaiting role owner implementation and acceptance,
SEB-SR-002,Salted password hashes,High,TC-SEC-02,Teammate — allocation pending,taken,Create two accounts with the same password. Check stored hashes and logs.,Salted bcrypt or PBKDF2 hashes differ; no plain or reversible passwords are stored or logged.,SEB-25,Security / deployment engineer,To Do,Awaiting role owner implementation and acceptance,
SEB-SR-003,Owner authorisation,High,TC-SEC-03,Teammate — allocation pending,taken,"As A, try reading, editing and deleting B's transactions, budgets and categories.",403 or 404 is returned; B's data is unchanged.,SEB-26,Security / deployment engineer,To Do,Awaiting role owner implementation and acceptance,
SEB-SR-004,SQL injection and stored XSS,High,TC-SEC-04,Teammate — allocation pending,taken,Try SQL injection in login and text fields; save a script tag in a note. Check query handling.,No login bypass or query manipulation; script renders as text. Queries use parameters or an ORM.,SEB-27,Security / deployment engineer,To Do,Awaiting role owner implementation and acceptance,
SEB-SR-005,Password length and login lockout,Medium,TC-SEC-05,Teammate — allocation pending,taken,Try 7 and 8 character passwords. Fail login five times; try again immediately and after 5 minutes.,"7 is rejected, 8 accepted. After five failures, login is blocked for 5 minutes, then correct login works.",SEB-28,Security / deployment engineer,To Do,Awaiting role owner implementation and acceptance,
